Hero,Role,Pick_rate,Win_rate,Tie_Rate,On_fire,Platform,Rank,Map
Reinhardt,TANK,10.08,49.85,2.75,7.33,XBL,All,Tower
Moira,SUPPORT,7.4,51,2.55,9.59,XBL,All,Route 66
Mercy,SUPPORT,6.57,49.88,2.64,1.8,XBL,All,Lijiang
L�cio,SUPPORT,6.18,52.36,2.18,13.16,XBL,All,Route 66
D.Va,TANK,5.64,51.49,2.34,7.84,XBL,All,Lijiang
Baptiste,SUPPORT,5.04,49.11,2.47,11.99,XBL,All,Tower
Zarya,TANK,4.44,48.85,2.47,10.05,XBL,All,Dorado
Orisa,TANK,4.27,55.28,2.6,8.85,XBL,All,Horizon Lunar Colony
Ana,SUPPORT,4.04,47.95,2.35,9.26,XBL,All,Eichenwalde
Roadhog,TANK,3.89,50.91,1.95,10.07,XBL,All,Hollywood
Hanzo,DEFENSE,3.3,48.7,2.39,13.74,XBL,All,Hanamura
Wrecking Ball,TANK,3.03,50.96,1.97,3.25,XBL,All,Hollywood
Junkrat,DEFENSE,2.92,51.66,3.05,11.79,XBL,All,Hollywood
Genji,OFFENSE,2.88,48.41,2.07,10.1,XBL,All,King's Row
Reaper,OFFENSE,2.83,51.06,2.12,17.09,XBL,All,Route 66
Zenyatta,SUPPORT,2.75,52.69,2.37,6.81,XBL,All,Eichenwalde
McCree,OFFENSE,2.65,47.63,1.93,11.07,XBL,All,Dorado
Widowmaker,DEFENSE,2.59,48.79,2.01,9.16,XBL,All,Hanamura
Soldier: 76,OFFENSE,2.46,50.16,1.99,11.47,XBL,All,Dorado
Ashe,OFFENSE,2.17,51.42,2.28,10.01,XBL,All,King's Row
Brigitte,SUPPORT,1.88,54.84,2.13,11.78,XBL,All,Eichenwalde
Torbj�rn,DEFENSE,1.71,56.12,2.75,9.74,XBL,All,Eichenwalde
Winston,TANK,1.64,48.11,1.66,5.48,XBL,All,Hollywood
Sombra,OFFENSE,1.64,46.04,2.31,14.32,XBL,All,Dorado
Symmetra,SUPPORT,1.61,57.4,3.06,10.08,XBL,All,Route 66
Tracer,OFFENSE,1.48,47.48,1.74,8.54,XBL,All,Tower
Mei,DEFENSE,1.48,51.97,2.49,10.75,XBL,All,King's Row
Doomfist,OFFENSE,1.32,50.9,1.54,8.4,XBL,All,Lijiang
Pharah,OFFENSE,1.17,48.61,2.3,10.65,XBL,All,Horizon Lunar Colony
Bastion,DEFENSE,0.94,50.64,3.26,15.74,XBL,All,Horizon Lunar Colony
Moira,SUPPORT,13.56,44.36,1.3,7.02,XBL,Bronze,Eichenwalde
Mercy,SUPPORT,9.13,42.54,2.2,1.08,XBL,Bronze,Tower
D.Va,TANK,8.18,48.9,1.85,6.38,XBL,Bronze,Hollywood
Orisa,TANK,6.09,53.22,3.72,5.87,XBL,Bronze,Hollywood
L�cio,SUPPORT,5.79,35.4,1.74,7.56,XBL,Bronze,Hollywood
Reinhardt,TANK,5.28,38.81,4.29,6.66,XBL,Bronze,Dorado
Sombra,OFFENSE,3.57,23.4,0.7,4.63,XBL,Bronze,Dorado
Baptiste,SUPPORT,3.07,48.36,0,7.58,XBL,Bronze,Dorado
Zenyatta,SUPPORT,3.07,50.83,1.64,4.81,XBL,Bronze,Dorado
Symmetra,SUPPORT,2.89,53.57,2.61,9.11,XBL,Bronze,Tower
Junkrat,DEFENSE,2.89,44.64,2.61,10.56,XBL,Bronze,King's Row
Brigitte,SUPPORT,2.77,55.66,3.64,11.01,XBL,Bronze,Lijiang
Wrecking Ball,TANK,2.72,21.7,1.85,2.04,XBL,Bronze,Dorado
Ashe,OFFENSE,2.39,42.39,3.16,7.76,XBL,Bronze,Hanamura
Pharah,OFFENSE,2.32,38.04,0,8.36,XBL,Bronze,Lijiang
Soldier: 76,OFFENSE,2.29,52.75,0,13,XBL,Bronze,Lijiang
Doomfist,OFFENSE,2.21,29.07,2.27,4.78,XBL,Bronze,Lijiang
Bastion,DEFENSE,2.19,42.35,2.3,13.06,XBL,Bronze,Eichenwalde
Reaper,OFFENSE,2.16,40.96,3.49,11.41,XBL,Bronze,Horizon Lunar Colony
Mei,DEFENSE,2.06,35.8,1.22,8.86,XBL,Bronze,King's Row
Widowmaker,DEFENSE,1.96,35.06,1.28,9.24,XBL,Bronze,Lijiang
Roadhog,TANK,1.91,30.67,1.32,8.24,XBL,Bronze,Hollywood
McCree,OFFENSE,1.91,36.49,2.63,6.99,XBL,Bronze,Dorado
Hanzo,DEFENSE,1.86,38.89,2.7,16.08,XBL,Bronze,Dorado
Tracer,OFFENSE,1.61,45.31,0,10.14,XBL,Bronze,Tower
Ana,SUPPORT,1.53,32.2,3.28,7.71,XBL,Bronze,Lijiang
Torbj�rn,DEFENSE,1.51,33.33,0,5.1,XBL,Bronze,Lijiang
Genji,OFFENSE,1.13,13.33,0,5.33,XBL,Bronze,Tower
Zarya,TANK,1.01,41.03,2.5,6.06,XBL,Bronze,King's Row
Winston,TANK,0.91,54.29,2.78,2.94,XBL,Bronze,King's Row
Moira,SUPPORT,10.62,48.04,2.57,8.8,XBL,Silver,Horizon Lunar Colony
Mercy,SUPPORT,8.7,46.43,3,1.37,XBL,Silver,Hollywood
D.Va,TANK,8.62,47.23,1.86,7.22,XBL,Silver,Eichenwalde
Reinhardt,TANK,7.87,46.22,2.91,6.23,XBL,Silver,Route 66
L�cio,SUPPORT,6.62,49.3,1.99,11.44,XBL,Silver,Horizon Lunar Colony
Orisa,TANK,5.2,51.24,2.84,7.08,XBL,Silver,Lijiang
Junkrat,DEFENSE,3.77,46.09,3,11.87,XBL,Silver,Dorado
Baptiste,SUPPORT,3.75,43.65,2.35,10,XBL,Silver,Route 66
Reaper,OFFENSE,3,42.08,1.36,15.71,XBL,Silver,Hollywood
Zenyatta,SUPPORT,2.86,48.36,2.75,7.94,XBL,Silver,Tower
Ana,SUPPORT,2.73,40.64,3.56,7.23,XBL,Silver,Hanamura
Hanzo,DEFENSE,2.7,46.51,3.14,11.62,XBL,Silver,Dorado
Symmetra,SUPPORT,2.61,57.55,2.65,9.75,XBL,Silver,Route 66
Soldier: 76,OFFENSE,2.52,44.3,2.5,11.18,XBL,Silver,Dorado
Torbj�rn,DEFENSE,2.45,49.34,2.69,9.29,XBL,Silver,King's Row
Zarya,TANK,2.37,45.12,2.25,6.55,XBL,Silver,Lijiang
Brigitte,SUPPORT,2.31,54.03,2.17,10.67,XBL,Silver,Hollywood
Roadhog,TANK,2.25,43.37,2.09,8.1,XBL,Silver,Hollywood
Ashe,OFFENSE,2.15,49.78,2.19,7.6,XBL,Silver,Hollywood
Wrecking Ball,TANK,2.08,44.22,3.18,2.9,XBL,Silver,Lijiang
Widowmaker,DEFENSE,2.07,40.43,1.52,6.79,XBL,Silver,Route 66
Bastion,DEFENSE,1.92,46.82,2.13,14.78,XBL,Silver,Hollywood
Sombra,OFFENSE,1.82,42.5,2.24,9.86,XBL,Silver,Hollywood
Mei,DEFENSE,1.77,48.18,2.66,10.97,XBL,Silver,Horizon Lunar Colony
Pharah,OFFENSE,1.57,46.93,2.2,7.35,XBL,Silver,Tower
Genji,OFFENSE,1.45,45.49,1.52,8.22,XBL,Silver,Horizon Lunar Colony
Winston,TANK,1.38,43.19,1.37,4.35,XBL,Silver,Hollywood
Tracer,OFFENSE,1.23,45.5,1.02,8.22,XBL,Silver,Lijiang
McCree,OFFENSE,1.12,39.89,1.4,8.34,XBL,Silver,Eichenwalde
Doomfist,OFFENSE,0.5,45.51,2.5,8.47,XBL,Silver,Horizon Lunar Colony
Reinhardt,TANK,10.02,48.03,3.02,7.03,XBL,Gold,Eichenwalde
Moira,SUPPORT,9.53,49.21,2.59,9.17,XBL,Gold,Route 66
D.Va,TANK,7.02,50.71,2.53,7.94,XBL,Gold,Hanamura
Mercy,SUPPORT,6.91,47.41,2.71,1.55,XBL,Gold,Tower
L�cio,SUPPORT,6.36,51.52,2.08,12.72,XBL,Gold,King's Row
Orisa,TANK,5.03,53.49,2.74,8.25,XBL,Gold,Horizon Lunar Colony
Baptiste,SUPPORT,4.78,46.81,2.51,10.78,XBL,Gold,Tower
Junkrat,DEFENSE,3.81,49.51,2.91,12.16,XBL,Gold,Hollywood
Zarya,TANK,3.67,46.37,2.41,7.9,XBL,Gold,Horizon Lunar Colony
Ana,SUPPORT,3.48,43.69,2.25,7.9,XBL,Gold,Hollywood
Reaper,OFFENSE,3.36,50.28,2.19,17.51,XBL,Gold,Horizon Lunar Colony
Zenyatta,SUPPORT,2.81,50.92,2.67,6.81,XBL,Gold,Tower
Roadhog,TANK,2.72,46.93,2.06,8.27,XBL,Gold,Eichenwalde
Wrecking Ball,TANK,2.65,48.68,2.45,2.82,XBL,Gold,Route 66
Hanzo,DEFENSE,2.63,46.36,2.75,12.26,XBL,Gold,Horizon Lunar Colony
Soldier: 76,OFFENSE,2.34,47.08,2.34,10.62,XBL,Gold,King's Row
Genji,OFFENSE,2.2,44.44,2.06,8.81,XBL,Gold,Hollywood
Brigitte,SUPPORT,2.05,52.8,2.1,11.36,XBL,Gold,Horizon Lunar Colony
Widowmaker,DEFENSE,2.05,44.72,2.03,7.42,XBL,Gold,Tower
Symmetra,SUPPORT,1.98,54.89,3.53,10.28,XBL,Gold,Tower
Ashe,OFFENSE,1.87,46.86,2.46,7.37,XBL,Gold,Lijiang
Torbj�rn,DEFENSE,1.75,55.91,3.01,9.5,XBL,Gold,Route 66
Mei,DEFENSE,1.71,49.12,2.69,10.72,XBL,Gold,Horizon Lunar Colony
McCree,OFFENSE,1.7,44.42,1.76,9.95,XBL,Gold,Eichenwalde
Winston,TANK,1.55,48.04,1.78,5.02,XBL,Gold,Lijiang
Sombra,OFFENSE,1.32,41.41,2.65,11.87,XBL,Gold,Dorado
Tracer,OFFENSE,1.29,44.55,1.87,8.13,XBL,Gold,Horizon Lunar Colony
Pharah,OFFENSE,1.26,47.71,2.55,9.09,XBL,Gold,Tower
Bastion,DEFENSE,1.11,48.38,3.08,15.06,XBL,Gold,King's Row
Doomfist,OFFENSE,1.05,45.74,1.66,7.23,XBL,Gold,King's Row
Reinhardt,TANK,10.73,50.26,2.74,7.55,XBL,Platinum,Route 66
Moira,SUPPORT,7.84,52.12,2.6,9.89,XBL,Platinum,Hollywood
L�cio,SUPPORT,5.91,52.48,2.42,13.49,XBL,Platinum,Lijiang
Mercy,SUPPORT,5.89,50.01,2.85,1.85,XBL,Platinum,Tower
D.Va,TANK,5.6,52.12,2.54,8.21,XBL,Platinum,Tower
Baptiste,SUPPORT,5.16,49.1,2.66,12,XBL,Platinum,Hanamura
Zarya,TANK,4.55,48.68,2.8,10.1,XBL,Platinum,Route 66
Ana,SUPPORT,4.17,48.12,2.44,9.35,XBL,Platinum,Dorado
Orisa,TANK,3.77,55.69,2.69,9.22,XBL,Platinum,Eichenwalde
Roadhog,TANK,3.69,50.25,2.05,10.02,XBL,Platinum,Hollywood
Hanzo,DEFENSE,3.31,48.37,2.22,14.09,XBL,Platinum,King's Row
Reaper,OFFENSE,3.17,51.56,2.39,17.5,XBL,Platinum,Route 66
Genji,OFFENSE,3.11,48.78,2.21,10.19,XBL,Platinum,King's Row
Junkrat,DEFENSE,3.09,52.49,3.09,12.23,XBL,Platinum,Hollywood
Wrecking Ball,TANK,3.06,50.99,1.88,3.22,XBL,Platinum,Route 66
Zenyatta,SUPPORT,2.82,53.3,2.34,6.99,XBL,Platinum,Lijiang
McCree,OFFENSE,2.72,47.5,2.05,11.33,XBL,Platinum,King's Row
Widowmaker,DEFENSE,2.43,48.58,2.09,9.2,XBL,Platinum,King's Row
Soldier: 76,OFFENSE,2.34,49.96,1.99,11.95,XBL,Platinum,Dorado
Ashe,OFFENSE,2.27,52.11,2.25,10.41,XBL,Platinum,Hollywood
Brigitte,SUPPORT,1.92,54.68,2.14,12.27,XBL,Platinum,Horizon Lunar Colony
Winston,TANK,1.65,48.55,1.65,5.77,XBL,Platinum,Route 66
Torbj�rn,DEFENSE,1.54,57.29,2.75,10.13,XBL,Platinum,Lijiang
Sombra,OFFENSE,1.5,45.42,2.37,14.55,XBL,Platinum,King's Row
Mei,DEFENSE,1.49,53.2,2.41,11.49,XBL,Platinum,Horizon Lunar Colony
Symmetra,SUPPORT,1.47,58.59,3.1,10.76,XBL,Platinum,King's Row
Tracer,OFFENSE,1.44,47.42,1.75,8.59,XBL,Platinum,Lijiang
Doomfist,OFFENSE,1.36,51.46,1.53,8.76,XBL,Platinum,Hollywood
Pharah,OFFENSE,1.19,48.24,2.17,10.92,XBL,Platinum,Eichenwalde
Bastion,DEFENSE,0.81,49.76,4.29,16.12,XBL,Platinum,Hollywood
Reinhardt,TANK,10.4,51.62,2.43,7.47,XBL,Diamond,Hollywood
L�cio,SUPPORT,5.94,53.45,2.05,13.81,XBL,Diamond,Tower
Mercy,SUPPORT,5.91,52.6,2.44,1.93,XBL,Diamond,Tower
Moira,SUPPORT,5.57,52.79,2.49,9.97,XBL,Diamond,Tower
Zarya,TANK,5.51,51.11,2.32,11.09,XBL,Diamond,King's Row
Baptiste,SUPPORT,5.29,51.27,2.4,12.77,XBL,Diamond,Hollywood
Ana,SUPPORT,4.77,50.91,2.29,10.09,XBL,Diamond,Eichenwalde
Roadhog,TANK,4.59,53.04,1.74,10.49,XBL,Diamond,King's Row
D.Va,TANK,4.47,53.44,1.99,7.56,XBL,Diamond,Tower
Hanzo,DEFENSE,3.74,50.92,2.27,14.3,XBL,Diamond,Tower
Genji,OFFENSE,3.61,50.24,2,10.73,XBL,Diamond,Hanamura
McCree,OFFENSE,3.54,49.61,2.16,11.3,XBL,Diamond,Lijiang
Orisa,TANK,3.45,57.18,2.43,9,XBL,Diamond,Tower
Wrecking Ball,TANK,3.31,53.51,1.5,3.43,XBL,Diamond,Tower
Widowmaker,DEFENSE,3.09,52.67,2.2,10.05,XBL,Diamond,Hanamura
Zenyatta,SUPPORT,2.76,54.08,2.28,6.51,XBL,Diamond,Horizon Lunar Colony
Soldier: 76,OFFENSE,2.64,52.56,1.88,11.41,XBL,Diamond,Hollywood
Reaper,OFFENSE,2.41,54.03,1.74,16.69,XBL,Diamond,Route 66
Ashe,OFFENSE,2.28,54.16,2.17,11.24,XBL,Diamond,Lijiang
Junkrat,DEFENSE,2.26,55.5,3.2,10.87,XBL,Diamond,Dorado
Brigitte,SUPPORT,1.85,57.63,2.23,11.89,XBL,Diamond,Tower
Sombra,OFFENSE,1.85,49.33,1.91,15.87,XBL,Diamond,Eichenwalde
Winston,TANK,1.79,48.36,1.5,5.46,XBL,Diamond,King's Row
Doomfist,OFFENSE,1.66,53.26,1.32,8.31,XBL,Diamond,Hollywood
Torbj�rn,DEFENSE,1.66,58.82,3.19,9.74,XBL,Diamond,Tower
Tracer,OFFENSE,1.6,49.49,1.68,8.87,XBL,Diamond,Hanamura
Symmetra,SUPPORT,1.25,60,2.41,9.23,XBL,Diamond,Tower
Mei,DEFENSE,1.15,54.71,2.48,10.18,XBL,Diamond,Hanamura
Pharah,OFFENSE,0.96,49.82,2.45,12.42,XBL,Diamond,King's Row
Bastion,DEFENSE,0.67,55.54,2.63,16.48,XBL,Diamond,Lijiang
Reinhardt,TANK,9.64,50.5,2.86,7.05,XBL,Master,Hollywood
Mercy,SUPPORT,7.63,51.5,2.07,2.2,XBL,Master,Eichenwalde
L�cio,SUPPORT,7.21,53.64,2.1,12.47,XBL,Master,Hanamura
Roadhog,TANK,6.14,52.47,2.06,10.5,XBL,Master,Horizon Lunar Colony
Baptiste,SUPPORT,5.93,51.12,2.03,13.54,XBL,Master,Tower
Zarya,TANK,5.41,48.47,2,11.14,XBL,Master,Route 66
Orisa,TANK,4.84,56.63,2.1,8.86,XBL,Master,Lijiang
Ana,SUPPORT,4.52,50.63,1.97,9.91,XBL,Master,Eichenwalde
Hanzo,DEFENSE,3.98,48.56,2.19,13.39,XBL,Master,Hanamura
Wrecking Ball,TANK,3.72,53.16,1.84,3.57,XBL,Master,Eichenwalde
McCree,OFFENSE,3.61,47.58,1.49,10.85,XBL,Master,Dorado
Widowmaker,DEFENSE,3.57,49.14,1.57,9.9,XBL,Master,Tower
D.Va,TANK,3.29,52.12,1.83,6.41,XBL,Master,Route 66
Genji,OFFENSE,3.12,49.53,1.99,9.83,XBL,Master,Dorado
Moira,SUPPORT,2.87,53.93,2.24,10.36,XBL,Master,Hanamura
Soldier: 76,OFFENSE,2.67,53.15,1.4,11.01,XBL,Master,Hanamura
Zenyatta,SUPPORT,2.52,55.29,1.73,6.06,XBL,Master,King's Row
Ashe,OFFENSE,2.14,52.04,2.62,10.74,XBL,Master,Hanamura
Torbj�rn,DEFENSE,1.94,53.91,1.39,9.3,XBL,Master,Dorado
Sombra,OFFENSE,1.89,50.9,2.63,15.67,XBL,Master,Route 66
Tracer,OFFENSE,1.84,49.54,2.14,7.78,XBL,Master,Dorado
Winston,TANK,1.8,48.06,1.96,5.75,XBL,Master,Lijiang
Doomfist,OFFENSE,1.49,55.62,1.82,9.29,XBL,Master,Hanamura
Symmetra,SUPPORT,1.39,55.52,2.83,8.4,XBL,Master,Eichenwalde
Reaper,OFFENSE,1.34,51.65,1.55,14.26,XBL,Master,Dorado
Junkrat,DEFENSE,1.32,54.87,3.14,8.4,XBL,Master,Lijiang
Brigitte,SUPPORT,1.27,56.76,1.8,11.4,XBL,Master,Tower
Mei,DEFENSE,1.21,54.31,2.74,8.69,XBL,Master,Hollywood
Pharah,OFFENSE,0.93,52.28,1.79,12.41,XBL,Master,Horizon Lunar Colony
Bastion,DEFENSE,0.78,54.86,1.6,14.53,XBL,Master,Hanamura
Mercy,SUPPORT,10.43,56.11,2.02,2.38,XBL,Grandmaster,Tower
Roadhog,TANK,9.24,59.6,1.63,13.77,XBL,Grandmaster,Tower
Orisa,TANK,7.14,60.54,2,12.99,XBL,Grandmaster,King's Row
L�cio,SUPPORT,6.21,57,1.45,15.45,XBL,Grandmaster,Route 66
Hanzo,DEFENSE,5.85,53.5,2.7,16.65,XBL,Grandmaster,Dorado
Reinhardt,TANK,5.61,51.97,1.21,8.86,XBL,Grandmaster,King's Row
Widowmaker,DEFENSE,4.25,56.5,1.95,11.61,XBL,Grandmaster,Tower
Baptiste,SUPPORT,3.89,53.65,1.93,13.59,XBL,Grandmaster,Hollywood
Wrecking Ball,TANK,3.79,54.16,2.18,4.84,XBL,Grandmaster,King's Row
Zarya,TANK,3.73,55.74,1.61,15.85,XBL,Grandmaster,King's Row
McCree,OFFENSE,3.63,54.93,1.24,14.17,XBL,Grandmaster,Hanamura
Soldier: 76,OFFENSE,3.3,59.03,1.59,14.21,XBL,Grandmaster,Dorado
Sombra,OFFENSE,3.24,55.34,2.32,19.55,XBL,Grandmaster,Lijiang
Ana,SUPPORT,3.21,55.85,1.87,11.95,XBL,Grandmaster,Hanamura
D.Va,TANK,3.01,53.96,2.25,9.1,XBL,Grandmaster,Tower
Ashe,OFFENSE,2.78,57.14,1.36,16.4,XBL,Grandmaster,Horizon Lunar Colony
Genji,OFFENSE,2.54,57.1,1.78,15.49,XBL,Grandmaster,Lijiang
Tracer,OFFENSE,2.27,49.66,1.32,10.36,XBL,Grandmaster,King's Row
Mei,DEFENSE,1.99,55.73,1.13,9.73,XBL,Grandmaster,Eichenwalde
Torbj�rn,DEFENSE,1.82,56.6,2.89,10.79,XBL,Grandmaster,Hanamura
Pharah,OFFENSE,1.56,55,3.38,15.34,XBL,Grandmaster,Eichenwalde
Bastion,DEFENSE,1.48,63.64,5.08,20.91,XBL,Grandmaster,King's Row
Doomfist,OFFENSE,1.46,53.65,1.03,10.39,XBL,Grandmaster,Hanamura
Moira,SUPPORT,1.37,60.34,1.65,13.48,XBL,Grandmaster,Eichenwalde
Zenyatta,SUPPORT,1.31,49.42,1.15,6.34,XBL,Grandmaster,Eichenwalde
Symmetra,SUPPORT,1.29,61.21,3.51,10.1,XBL,Grandmaster,Lijiang
Winston,TANK,1.27,48.5,1.18,7.02,XBL,Grandmaster,Eichenwalde
Junkrat,DEFENSE,0.88,59.29,3.42,9.1,XBL,Grandmaster,Hollywood
Brigitte,SUPPORT,0.79,50.96,0.95,11.55,XBL,Grandmaster,Hollywood
Reaper,OFFENSE,0.65,60,1.16,16.4,XBL,Grandmaster,Tower
Reinhardt,TANK,9.66,50.53,2.41,7.72,PC,All,Tower
Ana,SUPPORT,9.1,49.41,2.22,9.96,PC,All,Dorado
Moira,SUPPORT,6.13,50.83,2.34,9.69,PC,All,Horizon Lunar Colony
Mercy,SUPPORT,5.46,50.77,2.49,1.84,PC,All,Eichenwalde
Zarya,TANK,4.76,49.41,2.28,8.84,PC,All,Horizon Lunar Colony
D.Va,TANK,4.61,50.01,2.35,6.3,PC,All,Lijiang
L�cio,SUPPORT,4.35,51.17,1.97,11.68,PC,All,Route 66
Zenyatta,SUPPORT,4.13,53.14,2.13,6.06,PC,All,Dorado
Genji,OFFENSE,4.06,49.75,1.95,10.98,PC,All,Route 66
Roadhog,TANK,3.71,51.17,1.85,9.22,PC,All,Hanamura
Baptiste,SUPPORT,3.51,48.35,2.32,10.71,PC,All,Route 66
McCree,OFFENSE,3.47,46.51,1.7,10.04,PC,All,Hanamura
Hanzo,DEFENSE,3.41,48.64,2.15,12.73,PC,All,Tower
Winston,TANK,3.16,48.43,1.93,6.07,PC,All,King's Row
Wrecking Ball,TANK,3.1,51.94,2.01,2.96,PC,All,Tower
Orisa,TANK,2.91,54.69,2.34,7.9,PC,All,Hollywood
Widowmaker,DEFENSE,2.76,49.21,1.81,8.44,PC,All,Eichenwalde
Ashe,OFFENSE,2.62,52.13,2.07,9.65,PC,All,Lijiang
Soldier: 76,OFFENSE,2.34,50.36,1.85,10.05,PC,All,Horizon Lunar Colony
Reaper,OFFENSE,2.34,51.13,2.02,15.84,PC,All,Tower
Junkrat,DEFENSE,2.06,50.49,2.59,11.02,PC,All,Lijiang
Doomfist,OFFENSE,1.77,52.41,1.79,8.32,PC,All,King's Row
Brigitte,SUPPORT,1.72,55.36,2.14,11.93,PC,All,Hanamura
Tracer,OFFENSE,1.61,47.17,1.78,6.9,PC,All,Route 66
Pharah,OFFENSE,1.5,50.3,1.94,11.67,PC,All,Route 66
Torbj�rn,DEFENSE,1.42,57.13,2.68,9.15,PC,All,Dorado
Mei,DEFENSE,1.4,52.43,2.27,10.42,PC,All,King's Row
Sombra,OFFENSE,1.31,46.16,2.29,12.75,PC,All,Hollywood
Symmetra,SUPPORT,0.97,55.73,2.93,8.19,PC,All,Dorado
Bastion,DEFENSE,0.64,51.11,2.82,16.2,PC,All,Hollywood
Reinhardt,TANK,9.66,50.53,2.41,7.72,PC,Bronze,Horizon Lunar Colony
Reinhardt,TANK,8.67,47.41,2.24,7.36,PC,Bronze,Tower
Mercy,SUPPORT,8.19,46.6,2.66,1.3,PC,Bronze,Lijiang
D.Va,TANK,6.84,47.05,2.3,6.01,PC,Bronze,Hanamura
Ana,SUPPORT,4.85,43.41,2.26,7.39,PC,Bronze,Hollywood
L�cio,SUPPORT,4.54,48.01,2.17,10.6,PC,Bronze,Tower
Orisa,TANK,4.42,48.75,2.3,6.28,PC,Bronze,Horizon Lunar Colony
Junkrat,DEFENSE,4.21,46.69,1.65,11.75,PC,Bronze,Route 66
Reaper,OFFENSE,3.02,47.41,1.48,15.15,PC,Bronze,Hanamura
Baptiste,SUPPORT,2.99,44.71,2.52,7.59,PC,Bronze,Hollywood
Genji,OFFENSE,2.88,44.67,1.55,8.65,PC,Bronze,King's Row
Roadhog,TANK,2.83,45.56,1.96,6.54,PC,Bronze,Hollywood
Hanzo,DEFENSE,2.83,46.82,2.5,11.26,PC,Bronze,Hanamura
Soldier: 76,OFFENSE,2.73,43.86,1.69,9.5,PC,Bronze,Dorado
Zenyatta,SUPPORT,2.7,47.89,2.46,6.37,PC,Bronze,Hanamura
Brigitte,SUPPORT,2.54,55.35,2.25,11.99,PC,Bronze,Tower
Torbj�rn,DEFENSE,2.4,54.26,3.34,10.21,PC,Bronze,Dorado
Zarya,TANK,2.37,45.32,1.89,5.25,PC,Bronze,Horizon Lunar Colony
Wrecking Ball,TANK,2.32,46.84,2.19,2.85,PC,Bronze,Horizon Lunar Colony
Winston,TANK,2.24,44.55,1.38,4.56,PC,Bronze,Hollywood
Ashe,OFFENSE,2.21,45.98,1.82,6.71,PC,Bronze,Dorado
Pharah,OFFENSE,2.18,44.69,2.12,8.38,PC,Bronze,Tower
Mei,DEFENSE,2.09,44.18,1.99,10.59,PC,Bronze,Hanamura
Widowmaker,DEFENSE,2.04,43.74,1.74,6.65,PC,Bronze,Route 66
McCree,OFFENSE,2.03,41.85,1.45,10.59,PC,Bronze,Dorado
Bastion,DEFENSE,1.81,46.63,2.81,13.66,PC,Bronze,Hollywood
Symmetra,SUPPORT,1.71,51.25,2.52,8.6,PC,Bronze,Eichenwalde
Doomfist,OFFENSE,1.32,46.58,1.28,7.45,PC,Bronze,King's Row
Sombra,OFFENSE,1.28,38.92,1.93,8.62,PC,Bronze,Route 66
Tracer,OFFENSE,1,39.59,2.46,6.93,PC,Bronze,Horizon Lunar Colony
Moira,SUPPORT,8.77,47.85,2.43,8.43,PC,Silver,Hanamura
Moira,SUPPORT,9.04,48.4,2.37,9.05,PC,Silver,Dorado
Mercy,SUPPORT,7.1,48.54,2.79,1.5,PC,Silver,Eichenwalde
Ana,SUPPORT,6.7,46.71,2.18,8.22,PC,Silver,Hollywood
D.Va,TANK,6.02,48.75,2.65,6.52,PC,Silver,Eichenwalde
L�cio,SUPPORT,4.46,49.64,2.16,11.62,PC,Silver,Lijiang
Orisa,TANK,3.72,52.05,2.62,7.18,PC,Silver,Dorado
Junkrat,DEFENSE,3.7,47.9,2.6,12.04,PC,Silver,Horizon Lunar Colony
Zarya,TANK,3.48,46.56,2.25,6.32,PC,Silver,Horizon Lunar Colony
Reaper,OFFENSE,3.25,48.74,2.05,16.51,PC,Silver,Dorado
Zenyatta,SUPPORT,3.16,50.89,2.19,6.35,PC,Silver,Lijiang
Baptiste,SUPPORT,3.16,45.87,2.28,9.67,PC,Silver,Lijiang
Roadhog,TANK,3.1,47.23,1.85,7.83,PC,Silver,Hollywood
Genji,OFFENSE,2.87,46.68,2.27,9.41,PC,Silver,Dorado
Hanzo,DEFENSE,2.83,45.59,1.99,11.39,PC,Silver,Eichenwalde
Soldier: 76,OFFENSE,2.66,47.56,1.97,10.04,PC,Silver,King's Row
McCree,OFFENSE,2.44,45.08,1.88,9.65,PC,Silver,Horizon Lunar Colony
Wrecking Ball,TANK,2.42,50.29,2.09,2.49,PC,Silver,Dorado
Winston,TANK,2.41,44.88,1.93,5.09,PC,Silver,Eichenwalde
Ashe,OFFENSE,2.17,46.53,2.31,7.75,PC,Silver,Eichenwalde
Brigitte,SUPPORT,2.1,54.3,2.26,12.85,PC,Silver,Eichenwalde
Pharah,OFFENSE,1.99,46.38,1.77,10.56,PC,Silver,Dorado
Mei,DEFENSE,1.85,49.94,2.04,11.78,PC,Silver,Dorado
Widowmaker,DEFENSE,1.73,44.93,1.69,6.53,PC,Silver,Hanamura
Torbj�rn,DEFENSE,1.66,53.62,2.79,9.75,PC,Silver,Tower
Doomfist,OFFENSE,1.3,48.14,1.49,8.3,PC,Silver,King's Row
Symmetra,SUPPORT,1.28,53.56,3.49,9.07,PC,Silver,Hollywood
Bastion,DEFENSE,0.99,47.78,2.77,14.56,PC,Silver,Eichenwalde
Tracer,OFFENSE,0.98,42.23,1.77,6.55,PC,Silver,Hollywood
Sombra,OFFENSE,0.94,40.06,2.27,10.29,PC,Silver,Eichenwalde
Reinhardt,TANK,10.47,48.44,2.46,7.76,PC,Gold,Tower
Ana,SUPPORT,8.29,47.49,2.26,9.28,PC,Gold,Hollywood
Moira,SUPPORT,7.88,50.1,2.45,9.57,PC,Gold,Horizon Lunar Colony
Mercy,SUPPORT,6.3,50.16,2.49,1.73,PC,Gold,Route 66
D.Va,TANK,4.93,49.7,2.41,6.59,PC,Gold,Tower
Zarya,TANK,4.54,47.72,2.45,7.56,PC,Gold,Dorado
L�cio,SUPPORT,3.84,50.17,2,11.76,PC,Gold,Tower
Baptiste,SUPPORT,3.65,46.59,2.38,10.19,PC,Gold,Dorado
Zenyatta,SUPPORT,3.64,51.49,2.15,6.28,PC,Gold,Route 66
Roadhog,TANK,3.48,49.47,1.91,8.58,PC,Gold,Horizon Lunar Colony
Genji,OFFENSE,3.37,48.27,2.09,10.36,PC,Gold,King's Row
McCree,OFFENSE,3.19,45.09,1.69,9.62,PC,Gold,Dorado
Hanzo,DEFENSE,3.05,46.91,2.17,11.9,PC,Gold,Horizon Lunar Colony
Reaper,OFFENSE,3.05,50.06,1.91,15.98,PC,Gold,Horizon Lunar Colony
Junkrat,DEFENSE,2.79,50.75,2.64,11.05,PC,Gold,Route 66
Orisa,TANK,2.79,54.05,2.55,7.81,PC,Gold,Hanamura
Wrecking Ball,TANK,2.71,50.49,2.07,2.79,PC,Gold,Hanamura
Winston,TANK,2.66,47.32,2.1,5.84,PC,Gold,Hanamura
Soldier: 76,OFFENSE,2.39,48.56,1.93,9.84,PC,Gold,Eichenwalde
Ashe,OFFENSE,2.37,49.56,2.22,8.78,PC,Gold,Hanamura
Widowmaker,DEFENSE,1.99,46.61,1.95,7.41,PC,Gold,Route 66
Brigitte,SUPPORT,1.99,55.46,2.27,12.31,PC,Gold,Tower
Pharah,OFFENSE,1.89,50.44,2.01,11.51,PC,Gold,Lijiang
Mei,DEFENSE,1.64,51.29,2.14,10.81,PC,Gold,Dorado
Doomfist,OFFENSE,1.48,50.08,1.85,8.2,PC,Gold,Lijiang
Torbj�rn,DEFENSE,1.34,56.95,2.76,9.39,PC,Gold,Horizon Lunar Colony
Sombra,OFFENSE,1.11,44.37,2.04,12.67,PC,Gold,Lijiang
Tracer,OFFENSE,1.11,44.36,1.64,6.38,PC,Gold,Hollywood
Symmetra,SUPPORT,1.03,55.77,3.07,8.88,PC,Gold,Dorado
Bastion,DEFENSE,0.66,50.01,2.92,15.84,PC,Gold,Lijiang
Reinhardt,TANK,9.97,51.21,2.46,7.86,PC,Platinum,Tower
Ana,SUPPORT,9.65,49.68,2.28,10.44,PC,Platinum,Eichenwalde
Moira,SUPPORT,5.63,52.46,2.26,10.16,PC,Platinum,King's Row
Zarya,TANK,5.33,50.05,2.24,9.28,PC,Platinum,Eichenwalde
Mercy,SUPPORT,4.69,52.12,2.48,1.98,PC,Platinum,Dorado
Genji,OFFENSE,4.56,49.94,1.88,11.43,PC,Platinum,Dorado
Zenyatta,SUPPORT,4.33,53.8,2.18,6.15,PC,Platinum,King's Row
McCree,OFFENSE,4.03,46.95,1.79,10.42,PC,Platinum,Lijiang
L�cio,SUPPORT,4.01,51.76,1.99,11.87,PC,Platinum,Route 66
D.Va,TANK,4.01,50.98,2.22,6.44,PC,Platinum,Eichenwalde
Roadhog,TANK,3.97,51.95,1.83,9.92,PC,Platinum,Dorado
Baptiste,SUPPORT,3.71,49.16,2.33,11.24,PC,Platinum,Eichenwalde
Hanzo,DEFENSE,3.63,49.47,2.22,13.51,PC,Platinum,Tower
Winston,TANK,3.18,48.45,1.8,6.33,PC,Platinum,Lijiang
Wrecking Ball,TANK,3.13,52.65,1.93,3.04,PC,Platinum,Eichenwalde
Ashe,OFFENSE,3.05,53.57,1.97,10.39,PC,Platinum,King's Row
Widowmaker,DEFENSE,2.83,49.11,1.84,8.63,PC,Platinum,Route 66
Orisa,TANK,2.47,56.1,2.2,8.41,PC,Platinum,Horizon Lunar Colony
Soldier: 76,OFFENSE,2.3,51.84,1.84,10.42,PC,Platinum,Hollywood
Reaper,OFFENSE,2.22,53.07,2.21,16.06,PC,Platinum,Lijiang
Doomfist,OFFENSE,1.96,52.81,1.91,8.78,PC,Platinum,Hollywood
Tracer,OFFENSE,1.64,47.15,2,6.96,PC,Platinum,Route 66
Junkrat,DEFENSE,1.56,52.03,2.94,10.64,PC,Platinum,Eichenwalde
Brigitte,SUPPORT,1.55,56.29,2.15,11.88,PC,Platinum,Horizon Lunar Colony
Pharah,OFFENSE,1.42,51.86,2.09,12.75,PC,Platinum,Hollywood
Sombra,OFFENSE,1.33,46.37,2.21,13.61,PC,Platinum,King's Row
Torbj�rn,DEFENSE,1.24,58.42,2.74,9.3,PC,Platinum,Hanamura
Mei,DEFENSE,1.21,54.58,2.68,10.2,PC,Platinum,Hanamura
Symmetra,SUPPORT,0.88,56.93,2.85,7.96,PC,Platinum,Hollywood
Bastion,DEFENSE,0.51,53.46,2.41,17.97,PC,Platinum,Horizon Lunar Colony
Reinhardt,TANK,9.66,50.53,2.41,7.72,PC,Diamond,Hanamura
Reinhardt,TANK,8.27,52.06,2.44,7.28,PC,Diamond,Eichenwalde
Zarya,TANK,5.5,51.25,2.26,10.3,PC,Diamond,Eichenwalde
Genji,OFFENSE,5.26,52.1,1.92,11.72,PC,Diamond,Horizon Lunar Colony
Zenyatta,SUPPORT,5.01,55.28,1.99,5.63,PC,Diamond,Horizon Lunar Colony
L�cio,SUPPORT,4.78,53,1.75,11.4,PC,Diamond,Lijiang
Mercy,SUPPORT,4.15,53.03,2.5,2.21,PC,Diamond,King's Row
McCree,OFFENSE,4.09,47.86,1.51,10.25,PC,Diamond,Route 66
Roadhog,TANK,4.04,54.15,1.78,9.82,PC,Diamond,Horizon Lunar Colony
Winston,TANK,3.9,49.79,1.99,6.39,PC,Diamond,Dorado
Widowmaker,DEFENSE,3.89,52.45,1.88,9.43,PC,Diamond,Lijiang
Wrecking Ball,TANK,3.82,54.07,2.07,3.16,PC,Diamond,Tower
Hanzo,DEFENSE,3.81,50.86,2.02,13.33,PC,Diamond,Eichenwalde
D.Va,TANK,3.6,50.56,2.35,5.74,PC,Diamond,King's Row
Moira,SUPPORT,3.56,53.75,2.05,10.26,PC,Diamond,Horizon Lunar Colony
Baptiste,SUPPORT,3.44,50.94,2.26,11.19,PC,Diamond,Lijiang
Ashe,OFFENSE,2.95,56.07,1.98,10.48,PC,Diamond,Dorado
Orisa,TANK,2.61,56.47,2.02,7.99,PC,Diamond,Tower
Tracer,OFFENSE,2.39,49.23,1.58,6.97,PC,Diamond,Tower
Soldier: 76,OFFENSE,2.24,53.57,1.83,10.03,PC,Diamond,Hollywood
Doomfist,OFFENSE,2.19,55.43,1.75,8.31,PC,Diamond,Dorado
Sombra,OFFENSE,1.45,49.76,2.28,13.34,PC,Diamond,Horizon Lunar Colony
Reaper,OFFENSE,1.37,54.14,2,14.42,PC,Diamond,Hollywood
Torbj�rn,DEFENSE,1.36,59.22,2.54,8.46,PC,Diamond,Horizon Lunar Colony
Brigitte,SUPPORT,1.25,55.72,1.65,10.68,PC,Diamond,King's Row
Mei,DEFENSE,1.06,54.47,2.19,9.36,PC,Diamond,Tower
Pharah,OFFENSE,0.89,54,1.74,11.96,PC,Diamond,King's Row
Symmetra,SUPPORT,0.82,56.62,2.53,7.15,PC,Diamond,Horizon Lunar Colony
Junkrat,DEFENSE,0.82,54.47,2.18,9.58,PC,Diamond,Dorado
Bastion,DEFENSE,0.43,54.72,3.76,17.74,PC,Diamond,Hollywood
Ana,SUPPORT,11.89,51.39,2.11,10.49,PC,Master,King's Row
Reinhardt,TANK,6.62,51.6,2.34,7.32,PC,Master,Hollywood
L�cio,SUPPORT,6.05,50.66,2.04,11.15,PC,Master,Dorado
Zenyatta,SUPPORT,5.38,53.77,2.1,5.1,PC,Master,Horizon Lunar Colony
Genji,OFFENSE,5.14,51.71,1.73,10.86,PC,Master,Dorado
Winston,TANK,4.88,50.76,1.99,6.15,PC,Master,Dorado
Zarya,TANK,4.86,51.13,2.23,10.31,PC,Master,Hollywood
Widowmaker,DEFENSE,4.54,50.55,1.75,8.54,PC,Master,Route 66
Mercy,SUPPORT,4.42,50.97,1.67,2.24,PC,Master,Hollywood
D.Va,TANK,4.35,49.31,1.82,4.92,PC,Master,Route 66
Wrecking Ball,TANK,4.16,51.57,1.99,3.13,PC,Master,Lijiang
Roadhog,TANK,3.91,53.3,1.85,9.17,PC,Master,Horizon Lunar Colony
Hanzo,DEFENSE,3.79,49.41,2.1,12.59,PC,Master,Eichenwalde
McCree,OFFENSE,3.54,48.44,1.72,9.18,PC,Master,Route 66
Orisa,TANK,3.44,56.11,2.19,7.94,PC,Master,Hanamura
Baptiste,SUPPORT,3.17,50.92,1.95,11.55,PC,Master,Eichenwalde
Tracer,OFFENSE,2.81,49.65,1.71,7.19,PC,Master,Tower
Ashe,OFFENSE,2.29,54.31,2.06,10.1,PC,Master,Tower
Doomfist,OFFENSE,2.09,56.15,1.76,7.27,PC,Master,Lijiang
Soldier: 76,OFFENSE,2.05,52.25,1.57,9.51,PC,Master,Eichenwalde
Sombra,OFFENSE,1.93,48.37,2.95,12.5,PC,Master,King's Row
Moira,SUPPORT,1.91,54.92,2.48,9.83,PC,Master,Route 66
Torbj�rn,DEFENSE,1.62,57.64,1.94,8.1,PC,Master,Tower
Brigitte,SUPPORT,1.24,52.57,1.88,9.94,PC,Master,Dorado
Mei,DEFENSE,0.91,58.06,2.02,8.11,PC,Master,King's Row
Symmetra,SUPPORT,0.7,55.71,2.3,5.57,PC,Master,Tower
Reaper,OFFENSE,0.64,53.36,2.27,12.66,PC,Master,Lijiang
Junkrat,DEFENSE,0.63,52.26,1.65,7.82,PC,Master,Lijiang
Pharah,OFFENSE,0.59,49.52,0.95,11,PC,Master,Hollywood
Bastion,DEFENSE,0.5,55.59,2.72,15.83,PC,Master,Tower
Ana,SUPPORT,9.94,53.68,1.89,11.68,PC,Grandmaster,Hanamura
L�cio,SUPPORT,6.93,53.61,1.69,12.59,PC,Grandmaster,King's Row
D.Va,TANK,5.76,53.31,2.54,6.07,PC,Grandmaster,Tower
Widowmaker,DEFENSE,5.36,53.21,1.2,10.1,PC,Grandmaster,Dorado
Zenyatta,SUPPORT,5.24,55.42,1.84,6.89,PC,Grandmaster,Dorado
Mercy,SUPPORT,4.95,54.3,2.14,2.28,PC,Grandmaster,Route 66
Reinhardt,TANK,4.88,53.81,2.04,8.53,PC,Grandmaster,Lijiang
Winston,TANK,4.86,53.22,1.85,6.54,PC,Grandmaster,Dorado
Wrecking Ball,TANK,4.69,53.11,1.82,3.29,PC,Grandmaster,Eichenwalde
Hanzo,DEFENSE,4.62,51.29,2.08,13.01,PC,Grandmaster,Horizon Lunar Colony
Orisa,TANK,4.61,57.34,2.2,8.9,PC,Grandmaster,Dorado
Roadhog,TANK,4.46,54.14,1.69,9.91,PC,Grandmaster,King's Row
Zarya,TANK,4.11,54.59,1.6,13.41,PC,Grandmaster,Route 66
Genji,OFFENSE,3.31,52.35,1.8,11.91,PC,Grandmaster,King's Row
Tracer,OFFENSE,3.26,53.46,1.78,7.87,PC,Grandmaster,Route 66
Baptiste,SUPPORT,2.71,53.3,2.25,12.59,PC,Grandmaster,Hanamura
Sombra,OFFENSE,2.57,52.13,3,12.15,PC,Grandmaster,King's Row
Torbj�rn,DEFENSE,2.39,56.71,2.29,7.64,PC,Grandmaster,Horizon Lunar Colony
McCree,OFFENSE,2.35,50.14,0.95,10.04,PC,Grandmaster,Dorado
Doomfist,OFFENSE,2.3,56,1.54,7.26,PC,Grandmaster,Hollywood
Soldier: 76,OFFENSE,1.83,55.68,1.14,9.81,PC,Grandmaster,Lijiang
Brigitte,SUPPORT,1.76,52.7,1.91,11.33,PC,Grandmaster,Horizon Lunar Colony
Ashe,OFFENSE,1.69,56.45,2.09,11.07,PC,Grandmaster,Hanamura
Mei,DEFENSE,1.41,56.14,2.29,8.03,PC,Grandmaster,Eichenwalde
Moira,SUPPORT,0.87,52.99,0.74,11.48,PC,Grandmaster,Hollywood
Symmetra,SUPPORT,0.79,59.5,2.64,6.17,PC,Grandmaster,Route 66
Bastion,DEFENSE,0.7,56,2.75,16.61,PC,Grandmaster,Route 66
Junkrat,DEFENSE,0.59,54.67,1.36,7.42,PC,Grandmaster,Eichenwalde
Pharah,OFFENSE,0.59,51.51,0.82,13.34,PC,Grandmaster,Lijiang
Reaper,OFFENSE,0.47,59.45,1.36,10.76,PC,Grandmaster,Hollywood
Reinhardt,TANK,9.66,50.53,2.41,7.72,PSN,All,Tower
Mercy,SUPPORT,7.44,50.2,2.31,1.81,PSN,All,Lijiang
Moira,SUPPORT,7.43,50.77,2.43,9.88,PSN,All,Eichenwalde
L�cio,SUPPORT,5.74,52.7,2.12,13.38,PSN,All,Hollywood
D.Va,TANK,5.71,51.03,2.45,8.12,PSN,All,King's Row
Orisa,TANK,4.91,55.16,2.45,8.95,PSN,All,Horizon Lunar Colony
Baptiste,SUPPORT,4.56,49.44,2.32,12.17,PSN,All,King's Row
Zarya,TANK,4,48.67,2.25,10.1,PSN,All,Dorado
Roadhog,TANK,3.93,51.12,1.9,10.32,PSN,All,Horizon Lunar Colony
Ana,SUPPORT,3.76,47.07,2.36,8.86,PSN,All,Lijiang
Hanzo,DEFENSE,3.37,47.98,2.23,13.91,PSN,All,Hollywood
Soldier: 76,OFFENSE,2.94,50.17,1.84,11.91,PSN,All,Lijiang
Junkrat,DEFENSE,2.92,50.78,2.91,11.83,PSN,All,Route 66
Reaper,OFFENSE,2.92,50.14,1.94,16.99,PSN,All,King's Row
Wrecking Ball,TANK,2.91,51.41,1.79,3.43,PSN,All,Hollywood
Zenyatta,SUPPORT,2.89,51.87,2.09,7,PSN,All,Dorado
McCree,OFFENSE,2.71,47.6,1.8,10.83,PSN,All,Hanamura
Genji,OFFENSE,2.64,48.66,1.82,10.02,PSN,All,Eichenwalde
Widowmaker,DEFENSE,2.37,47.54,1.88,8.92,PSN,All,Hollywood
Ashe,OFFENSE,2.1,50.92,1.98,9.3,PSN,All,Route 66
Pharah,OFFENSE,1.91,49.1,2.18,13.38,PSN,All,Horizon Lunar Colony
Sombra,OFFENSE,1.87,46.38,2.23,14.67,PSN,All,Lijiang
Symmetra,SUPPORT,1.73,57.01,2.9,10.16,PSN,All,Route 66
Torbj�rn,DEFENSE,1.7,55.3,2.43,10.03,PSN,All,Eichenwalde
Brigitte,SUPPORT,1.68,55.41,1.88,12.27,PSN,All,Horizon Lunar Colony
Winston,TANK,1.66,47.87,1.71,5.45,PSN,All,Hollywood
Tracer,OFFENSE,1.5,46.85,1.78,8.38,PSN,All,Horizon Lunar Colony
Mei,DEFENSE,1.41,51.49,2.31,11.21,PSN,All,Lijiang
Doomfist,OFFENSE,1.24,51.04,1.39,8.02,PSN,All,Eichenwalde
Bastion,DEFENSE,1.1,49.2,3.04,15.95,PSN,All,Tower
Reinhardt,TANK,8.92,49.73,2.49,7.57,PSN,Bronze,Horizon Lunar Colony
Moira,SUPPORT,8.6,49.91,2.51,7.46,PSN,Bronze,Tower
Mercy,SUPPORT,7.83,43.61,2.76,1.17,PSN,Bronze,Eichenwalde
D.Va,TANK,7.83,44.49,3.35,5.25,PSN,Bronze,Hanamura
Orisa,TANK,6.42,51.37,3.61,5.63,PSN,Bronze,Route 66
L�cio,SUPPORT,5.34,49.41,1.73,9.45,PSN,Bronze,Eichenwalde
Soldier: 76,OFFENSE,3.66,42.54,3.8,8.62,PSN,Bronze,King's Row
Symmetra,SUPPORT,3.63,55.36,0.85,8.68,PSN,Bronze,Route 66
Zenyatta,SUPPORT,3.55,38.05,1.74,5.61,PSN,Bronze,Eichenwalde
Reaper,OFFENSE,3.33,50.93,0.93,14.97,PSN,Bronze,Lijiang
Baptiste,SUPPORT,3.18,45.81,1.46,6.31,PSN,Bronze,Lijiang
Junkrat,DEFENSE,3.12,35.35,1.98,11.32,PSN,Bronze,King's Row
Bastion,DEFENSE,2.69,42.94,2.3,9.97,PSN,Bronze,Eichenwalde
Ana,SUPPORT,2.67,41.07,2.89,4.59,PSN,Bronze,Lijiang
Roadhog,TANK,2.58,40.36,0.6,5.3,PSN,Bronze,Tower
Widowmaker,DEFENSE,2.53,38.51,1.83,6.76,PSN,Bronze,Horizon Lunar Colony
Zarya,TANK,2.42,44.23,0.64,4.61,PSN,Bronze,Eichenwalde
Mei,DEFENSE,2.3,40,2.68,8.28,PSN,Bronze,Hanamura
Wrecking Ball,TANK,2.25,41.26,2.05,2.2,PSN,Bronze,Hanamura
Torbj�rn,DEFENSE,2.25,46.9,0.68,7.2,PSN,Bronze,Eichenwalde
Hanzo,DEFENSE,2.15,37.78,2.88,9.78,PSN,Bronze,Horizon Lunar Colony
Ashe,OFFENSE,2.02,41.41,2.29,3.71,PSN,Bronze,Eichenwalde
Sombra,OFFENSE,1.74,33.33,1.77,8.72,PSN,Bronze,King's Row
Winston,TANK,1.7,44.04,0.91,2.76,PSN,Bronze,Lijiang
McCree,OFFENSE,1.59,37.86,0,9.02,PSN,Bronze,Hanamura
Brigitte,SUPPORT,1.48,53.19,2.08,5.52,PSN,Bronze,Eichenwalde
Tracer,OFFENSE,1.39,43.33,0,5.58,PSN,Bronze,Eichenwalde
Pharah,OFFENSE,1.39,41.11,0,8.03,PSN,Bronze,Lijiang
Genji,OFFENSE,1.31,34.94,2.35,7.22,PSN,Bronze,Hollywood
Doomfist,OFFENSE,0.42,51.85,0,3,PSN,Bronze,Lijiang
Reinhardt,TANK,8.62,46.9,1.79,4.86,PSN,Silver,Hollywood
D.Va,TANK,7.98,47.75,2.05,7.24,PSN,Silver,Tower
Reinhardt,TANK,7.95,46.03,2.29,6.68,PSN,Silver,Horizon Lunar Colony
Mercy,SUPPORT,7.65,46.07,2.29,1.18,PSN,Silver,Lijiang
L�cio,SUPPORT,6.17,50.04,2.26,11.46,PSN,Silver,Horizon Lunar Colony
Orisa,TANK,5.84,50.76,2.69,7.56,PSN,Silver,Hollywood
Junkrat,DEFENSE,3.99,44.98,2.45,10.84,PSN,Silver,Hollywood
Baptiste,SUPPORT,3.77,45.57,1.94,9.81,PSN,Silver,Route 66
Zenyatta,SUPPORT,3.29,51.17,2.02,7.3,PSN,Silver,Eichenwalde
Reaper,OFFENSE,3.29,44.07,1.62,16.45,PSN,Silver,King's Row
Soldier: 76,OFFENSE,2.96,47.29,1.94,10.6,PSN,Silver,Hollywood
Zarya,TANK,2.93,45.72,2.65,6.9,PSN,Silver,Hollywood
Symmetra,SUPPORT,2.92,55.68,3.18,10.26,PSN,Silver,Horizon Lunar Colony
Ana,SUPPORT,2.82,41.79,3.15,6.09,PSN,Silver,Horizon Lunar Colony
Hanzo,DEFENSE,2.37,44.73,2.43,10.51,PSN,Silver,Dorado
Roadhog,TANK,2.33,48.39,2.1,6.98,PSN,Silver,Hanamura
Torbj�rn,DEFENSE,2.26,54.4,2.94,10.36,PSN,Silver,Hanamura
Bastion,DEFENSE,2.15,43.46,2.99,14.15,PSN,Silver,Horizon Lunar Colony
Wrecking Ball,TANK,1.97,45.76,1.91,2.35,PSN,Silver,Dorado
Brigitte,SUPPORT,1.9,48.2,2.69,10.56,PSN,Silver,Hanamura
Widowmaker,DEFENSE,1.82,40.67,1.46,6.18,PSN,Silver,Tower
Mei,DEFENSE,1.75,47.42,1.9,11.29,PSN,Silver,Horizon Lunar Colony
Pharah,OFFENSE,1.68,42.84,2.37,7.75,PSN,Silver,Dorado
Winston,TANK,1.59,43.16,2.09,4.26,PSN,Silver,Route 66
Genji,OFFENSE,1.57,44.4,1.69,7.06,PSN,Silver,Lijiang
Ashe,OFFENSE,1.53,48.37,2.6,6.52,PSN,Silver,Eichenwalde
McCree,OFFENSE,1.52,43.93,2.49,8.25,PSN,Silver,Hanamura
Sombra,OFFENSE,1.35,37.44,2.63,9.2,PSN,Silver,Route 66
Tracer,OFFENSE,1.23,47.43,1.98,7.21,PSN,Silver,King's Row
Doomfist,OFFENSE,0.65,47.26,0.34,7.27,PSN,Silver,Hanamura
Moira,SUPPORT,10.78,48.46,2.61,8.68,PSN,Gold,Route 66
Reinhardt,TANK,9.3,48.57,2.52,7.11,PSN,Gold,Hanamura
Mercy,SUPPORT,7.42,48.22,2.65,1.53,PSN,Gold,Lijiang
D.Va,TANK,7.37,50.29,2.54,7.88,PSN,Gold,Tower
L�cio,SUPPORT,6.2,52.05,2.18,12.97,PSN,Gold,Dorado
Orisa,TANK,4.6,53.53,2.82,8.02,PSN,Gold,Horizon Lunar Colony
Baptiste,SUPPORT,4.22,46.78,2.64,10.91,PSN,Gold,Route 66
Junkrat,DEFENSE,3.89,49.23,3.01,11.85,PSN,Gold,Lijiang
Zarya,TANK,3.68,45.71,2.22,8.11,PSN,Gold,Hanamura
Ana,SUPPORT,3.46,44.33,2.59,7.88,PSN,Gold,Eichenwalde
Zenyatta,SUPPORT,3.21,50.75,1.92,7.31,PSN,Gold,Lijiang
Reaper,OFFENSE,3.19,47.82,2.24,16.12,PSN,Gold,King's Row
Soldier: 76,OFFENSE,2.74,47.7,2.01,10.96,PSN,Gold,Tower
Roadhog,TANK,2.74,48.17,1.86,8.02,PSN,Gold,Hanamura
Hanzo,DEFENSE,2.67,46.49,2.62,12.33,PSN,Gold,King's Row
Wrecking Ball,TANK,2.44,48.03,1.77,2.81,PSN,Gold,Hanamura
Symmetra,SUPPORT,2.05,56.75,3.07,10.04,PSN,Gold,Dorado
Brigitte,SUPPORT,2.04,53.87,2.09,12.15,PSN,Gold,Tower
McCree,OFFENSE,1.97,43.81,1.88,9.11,PSN,Gold,Lijiang
Genji,OFFENSE,1.95,45.69,1.9,8.18,PSN,Gold,Horizon Lunar Colony
Ashe,OFFENSE,1.79,47.63,2.32,7.14,PSN,Gold,Route 66
Mei,DEFENSE,1.78,50.31,2.46,11.45,PSN,Gold,Tower
Sombra,OFFENSE,1.7,42.44,2.15,12.64,PSN,Gold,Lijiang
Torbj�rn,DEFENSE,1.67,53.88,2.43,9.86,PSN,Gold,Horizon Lunar Colony
Winston,TANK,1.65,46.2,1.89,4.72,PSN,Gold,Hollywood
Widowmaker,DEFENSE,1.63,43.56,2.17,6.69,PSN,Gold,Tower
Pharah,OFFENSE,1.57,46.1,2.37,10.04,PSN,Gold,Hanamura
Tracer,OFFENSE,1.22,44.28,2.1,7.42,PSN,Gold,Horizon Lunar Colony
Bastion,DEFENSE,1.2,46.97,3.14,14.14,PSN,Gold,Dorado
Doomfist,OFFENSE,1.12,47.82,2.01,7.25,PSN,Gold,King's Row
Reinhardt,TANK,9.66,50.01,2.62,7.81,PSN,Platinum,Dorado
Moira,SUPPORT,7.7,51.21,2.53,10.26,PSN,Platinum,King's Row
Mercy,SUPPORT,6.71,50.09,2.31,1.81,PSN,Platinum,Hanamura
D.Va,TANK,5.65,51.74,2.58,8.52,PSN,Platinum,Horizon Lunar Colony
L�cio,SUPPORT,5.5,52.82,2.12,13.89,PSN,Platinum,Hollywood
Baptiste,SUPPORT,4.64,49.61,2.42,12.5,PSN,Platinum,Hollywood
Zarya,TANK,4.36,48.57,2.46,10.29,PSN,Platinum,Hanamura
Ana,SUPPORT,4.18,47.09,2.35,9.29,PSN,Platinum,Hanamura
Orisa,TANK,4.13,55.76,2.64,9.18,PSN,Platinum,Tower
Roadhog,TANK,3.85,50.58,1.83,10.57,PSN,Platinum,Route 66
Hanzo,DEFENSE,3.31,47.93,2.34,13.98,PSN,Platinum,Route 66
Reaper,OFFENSE,3.31,51.26,1.93,17.66,PSN,Platinum,Eichenwalde
Junkrat,DEFENSE,3.07,52.21,3.03,12.17,PSN,Platinum,Horizon Lunar Colony
Wrecking Ball,TANK,3.04,51.6,1.89,3.42,PSN,Platinum,Route 66
Genji,OFFENSE,3.02,48.37,1.89,9.93,PSN,Platinum,Dorado
McCree,OFFENSE,2.89,47.81,1.82,10.59,PSN,Platinum,Hanamura
Zenyatta,SUPPORT,2.87,51.75,2.32,7.13,PSN,Platinum,King's Row
Soldier: 76,OFFENSE,2.79,50.31,1.86,11.94,PSN,Platinum,Lijiang
Widowmaker,DEFENSE,2.38,46.9,1.88,8.71,PSN,Platinum,Lijiang
Ashe,OFFENSE,2.12,50.52,1.89,9.26,PSN,Platinum,Eichenwalde
Winston,TANK,1.72,48.54,1.78,5.6,PSN,Platinum,Horizon Lunar Colony
Pharah,OFFENSE,1.72,48.82,2.1,14.13,PSN,Platinum,Route 66
Brigitte,SUPPORT,1.69,57.46,1.6,12.78,PSN,Platinum,Hollywood
Sombra,OFFENSE,1.69,46.52,2.39,15.06,PSN,Platinum,Horizon Lunar Colony
Symmetra,SUPPORT,1.54,57.54,3.31,10.51,PSN,Platinum,Eichenwalde
Torbj�rn,DEFENSE,1.53,57.67,2.72,10.33,PSN,Platinum,Dorado
Tracer,OFFENSE,1.44,46.38,1.68,8.35,PSN,Platinum,Dorado
Mei,DEFENSE,1.33,51.94,2.38,11.25,PSN,Platinum,Lijiang
Doomfist,OFFENSE,1.3,50.15,1.42,8.01,PSN,Platinum,Route 66
Bastion,DEFENSE,0.87,49.68,3.14,17.03,PSN,Platinum,Tower
Reinhardt,TANK,8.74,51.41,2.42,7.93,PSN,Diamond,Dorado
Mercy,SUPPORT,7.3,52.63,2.13,2.12,PSN,Diamond,Lijiang
L�cio,SUPPORT,5.41,53.67,2.08,13.72,PSN,Diamond,Hanamura
Moira,SUPPORT,5.4,53.78,2.01,10.37,PSN,Diamond,Dorado
Orisa,TANK,4.95,56.35,2.01,9.34,PSN,Diamond,Hollywood
Roadhog,TANK,4.91,53.22,2.16,11.52,PSN,Diamond,Eichenwalde
Baptiste,SUPPORT,4.91,51.62,2.11,12.98,PSN,Diamond,Hollywood
Zarya,TANK,4.56,52.06,1.94,11.9,PSN,Diamond,Dorado
D.Va,TANK,4.3,53.75,2.11,8.38,PSN,Diamond,Eichenwalde
Ana,SUPPORT,4.14,50.02,2.02,9.48,PSN,Diamond,King's Row
Hanzo,DEFENSE,3.89,49.65,1.87,14.82,PSN,Diamond,Hollywood
McCree,OFFENSE,3.5,49.53,1.59,12.16,PSN,Diamond,Lijiang
Wrecking Ball,TANK,3.49,53.96,1.58,3.85,PSN,Diamond,Horizon Lunar Colony
Genji,OFFENSE,3.2,50.88,1.74,11.11,PSN,Diamond,Hanamura
Soldier: 76,OFFENSE,3.09,52.15,1.6,12.46,PSN,Diamond,King's Row
Widowmaker,DEFENSE,3.01,50.57,2.02,10.31,PSN,Diamond,Dorado
Zenyatta,SUPPORT,2.76,54.54,2.15,6.52,PSN,Diamond,Lijiang
Ashe,OFFENSE,2.46,53.42,1.66,10.56,PSN,Diamond,Horizon Lunar Colony
Reaper,OFFENSE,2.41,53.49,1.87,17.13,PSN,Diamond,Tower
Sombra,OFFENSE,2.2,48.83,2.18,16.48,PSN,Diamond,Route 66
Pharah,OFFENSE,2.13,50.46,1.92,15.31,PSN,Diamond,Dorado
Winston,TANK,1.78,49.61,1.37,6.13,PSN,Diamond,Hollywood
Tracer,OFFENSE,1.78,48.09,1.89,8.65,PSN,Diamond,Horizon Lunar Colony
Torbj�rn,DEFENSE,1.76,55.45,2.15,10.24,PSN,Diamond,Eichenwalde
Junkrat,DEFENSE,1.69,55.3,3.13,11.62,PSN,Diamond,Hanamura
Brigitte,SUPPORT,1.42,56.12,2.01,12.49,PSN,Diamond,Hanamura
Doomfist,OFFENSE,1.39,54.87,1.03,8.83,PSN,Diamond,Horizon Lunar Colony
Symmetra,SUPPORT,1.33,57.43,2.42,10.39,PSN,Diamond,Hanamura
Mei,DEFENSE,1.2,54.99,2.49,11.17,PSN,Diamond,Dorado
Bastion,DEFENSE,0.88,53.78,2.93,18.25,PSN,Diamond,King's Row
Mercy,SUPPORT,10.81,51.66,2.09,2.19,PSN,Master,Dorado
Orisa,TANK,7.68,56.48,1.94,9.48,PSN,Master,Hollywood
Reinhardt,TANK,6.48,50.3,2.03,7.56,PSN,Master,Hanamura
Roadhog,TANK,6.38,51.88,1.7,10.85,PSN,Master,Dorado
L�cio,SUPPORT,6.07,54.02,1.78,13.47,PSN,Master,Route 66
Baptiste,SUPPORT,5.38,51.43,1.73,13.23,PSN,Master,Dorado
Hanzo,DEFENSE,4.79,47.52,1.77,15.09,PSN,Master,Route 66
Zarya,TANK,3.4,50.14,1.76,11.71,PSN,Master,Eichenwalde
Wrecking Ball,TANK,3.32,54.18,1.63,4.08,PSN,Master,Tower
Soldier: 76,OFFENSE,3.23,51.67,1.61,13.37,PSN,Master,Eichenwalde
Widowmaker,DEFENSE,3.2,52.14,1.39,10.35,PSN,Master,Route 66
Ana,SUPPORT,3.14,50.35,2.15,9.84,PSN,Master,Lijiang
McCree,OFFENSE,3.08,49.81,1.88,12.17,PSN,Master,Dorado
Pharah,OFFENSE,3,53,2.25,14.93,PSN,Master,Route 66
Moira,SUPPORT,2.97,53.94,1.63,10.31,PSN,Master,King's Row
D.Va,TANK,2.92,49.39,2.45,7.55,PSN,Master,Horizon Lunar Colony
Genji,OFFENSE,2.85,51.28,1.56,12.62,PSN,Master,Hanamura
Sombra,OFFENSE,2.5,50.24,2.01,15.51,PSN,Master,Tower
Ashe,OFFENSE,2.3,53.26,1.94,11.77,PSN,Master,Horizon Lunar Colony
Zenyatta,SUPPORT,2.15,52.6,1.44,5.91,PSN,Master,Lijiang
Torbj�rn,DEFENSE,2.04,52.42,1.99,9.15,PSN,Master,Dorado
Tracer,OFFENSE,1.86,48.1,1.56,9.58,PSN,Master,Tower
Doomfist,OFFENSE,1.58,53.71,1.1,8.14,PSN,Master,Dorado
Reaper,OFFENSE,1.5,51.04,0.9,16.48,PSN,Master,Dorado
Symmetra,SUPPORT,1.46,57.07,1.85,9.19,PSN,Master,Route 66
Junkrat,DEFENSE,1.41,51.75,1.92,10.36,PSN,Master,Route 66
Winston,TANK,1.28,48.62,1.21,5.9,PSN,Master,Horizon Lunar Colony
Brigitte,SUPPORT,1.24,56.24,1.25,11.87,PSN,Master,Hollywood
Bastion,DEFENSE,1.16,52.85,3.18,16.85,PSN,Master,King's Row
Mei,DEFENSE,0.81,53.01,0.72,10.11,PSN,Master,Lijiang
Mercy,SUPPORT,10.38,58.87,1.33,2.44,PSN,Grandmaster,Route 66
Orisa,TANK,9.9,59.62,1.6,12.58,PSN,Grandmaster,Dorado
Roadhog,TANK,7.93,58.36,1.74,12.65,PSN,Grandmaster,Eichenwalde
Hanzo,DEFENSE,6.74,52.71,2.15,16.92,PSN,Grandmaster,King's Row
Soldier: 76,OFFENSE,5.52,57.34,1.5,14.71,PSN,Grandmaster,Eichenwalde
L�cio,SUPPORT,5.34,56.23,2.84,13.66,PSN,Grandmaster,Hanamura
Pharah,OFFENSE,4.6,57.1,2.99,16.54,PSN,Grandmaster,Hollywood
Baptiste,SUPPORT,4.17,58.04,2.31,14.94,PSN,Grandmaster,Dorado
Widowmaker,DEFENSE,4.15,52.36,1.49,12.53,PSN,Grandmaster,Tower
McCree,OFFENSE,3.99,51.85,1.9,12.79,PSN,Grandmaster,Tower
Sombra,OFFENSE,3.75,57.38,1.83,16.84,PSN,Grandmaster,Dorado
Reinhardt,TANK,3.38,58.51,1.83,9.5,PSN,Grandmaster,King's Row
Ashe,OFFENSE,3.25,60.95,2.33,14.55,PSN,Grandmaster,Hollywood
Tracer,OFFENSE,3.04,54.23,1.13,11.33,PSN,Grandmaster,Hollywood
Wrecking Ball,TANK,2.49,59.14,3.05,5.47,PSN,Grandmaster,Horizon Lunar Colony
Bastion,DEFENSE,2.09,57.77,2.31,18.08,PSN,Grandmaster,Hanamura
Zarya,TANK,2.08,53.06,2.65,14.98,PSN,Grandmaster,King's Row
Genji,OFFENSE,1.88,60.97,1.47,12.57,PSN,Grandmaster,Route 66
Torbj�rn,DEFENSE,1.81,52.31,1.14,8.72,PSN,Grandmaster,Eichenwalde
Symmetra,SUPPORT,1.71,57.26,0.4,8.12,PSN,Grandmaster,Route 66
Ana,SUPPORT,1.69,56.85,2.03,9.8,PSN,Grandmaster,Lijiang
D.Va,TANK,1.69,51.44,0.82,9.55,PSN,Grandmaster,Tower
Junkrat,DEFENSE,1.6,55.65,1.29,12.4,PSN,Grandmaster,Dorado
Zenyatta,SUPPORT,1.51,54.84,1.36,6.61,PSN,Grandmaster,Route 66
Doomfist,OFFENSE,1.43,56.59,0.97,8.91,PSN,Grandmaster,Tower
Winston,TANK,1.03,53.42,2.67,9.26,PSN,Grandmaster,Lijiang
Mei,DEFENSE,0.87,56,1.57,10.73,PSN,Grandmaster,Tower
Reaper,OFFENSE,0.72,51.96,1.92,16.01,PSN,Grandmaster,King's Row
Moira,SUPPORT,0.71,46.08,0.97,12.29,PSN,Grandmaster,Hollywood
Brigitte,SUPPORT,0.53,63.16,1.3,11.1,PSN,Grandmaster,Horizon Lunar Colony